CONVEYOR:10	DIRECTION_MODE	IN_OUT	String	T	DEVICE_TYPE=W,ADDRESS_NO=0309,LENGTH=1
CONVEYOR:10	IN_READY_02	IN_OUT	Boolean	T	DEVICE_TYPE=B,ADDRESS_NO=0227
CONVEYOR:10	LOAD_COMPLETE_01	IN_OUT	Boolean	T	DEVICE_TYPE=B,ADDRESS_NO=0222
CONVEYOR:10	LOAD_COMPLETE_02	IN_OUT	Boolean	T	DEVICE_TYPE=B,ADDRESS_NO=0224
CONVEYOR:10	LOAD_COMPLETE_ACK_01	IN_OUT	Boolean	T	DEVICE_TYPE=B,ADDRESS_NO=0592
CONVEYOR:10	LOAD_COMPLETE_ACK_02	IN_OUT	Boolean	T	DEVICE_TYPE=B,ADDRESS_NO=0594
CONVEYOR:10	OPERATION_MODE	IN_OUT	Boolean	T	DEVICE_TYPE=B,ADDRESS_NO=0228
CONVEYOR:10	PALLET_EXIST_FLAG_01	IN_OUT	Boolean	T	DEVICE_TYPE=B,ADDRESS_NO=0230
CONVEYOR:10	PALLET_EXIST_FLAG_02	IN_OUT	Boolean	T	DEVICE_TYPE=B,ADDRESS_NO=0231
CONVEYOR:10	PALLET_EXIST_FLAG_03	IN_OUT	Boolean	T	DEVICE_TYPE=B,ADDRESS_NO=0232
CONVEYOR:10	PALLET_EXIST_FLAG_04	IN_OUT	Boolean	T	DEVICE_TYPE=B,ADDRESS_NO=0233
CONVEYOR:10	PALLET_EXIST_FLAG_05	IN_OUT	Boolean	T	DEVICE_TYPE=B,ADDRESS_NO=0234
CONVEYOR:10	PALLET_EXIST01	IN_OUT	String	F	DEVICE_TYPE=R,ADDRESS_NO=0090,LENGTH=2
CONVEYOR:10	PALLET_EXIST02	IN_OUT	String	F	DEVICE_TYPE=R,ADDRESS_NO=0092,LENGTH=2
CONVEYOR:10	PALLET_EXIST03	IN_OUT	String	F	DEVICE_TYPE=R,ADDRESS_NO=0094,LENGTH=2
CONVEYOR:10	PALLET_EXIST04	IN_OUT	String	F	DEVICE_TYPE=R,ADDRESS_NO=0096,LENGTH=2
CONVEYOR:10	PALLET_EXIST05	IN_OUT	String	F	DEVICE_TYPE=R,ADDRESS_NO=0098,LENGTH=2
CONVEYOR:10	UNLOAD_COMPLETE_01	IN_OUT	Boolean	T	DEVICE_TYPE=B,ADDRESS_NO=0221
CONVEYOR:10	UNLOAD_COMPLETE_02	IN_OUT	Boolean	T	DEVICE_TYPE=B,ADDRESS_NO=0223
CONVEYOR:10	UNLOAD_COMPLETE_ACK_01	IN_OUT	Boolean	T	DEVICE_TYPE=B,ADDRESS_NO=0591
CONVEYOR:10	UNLOAD_COMPLETE_ACK_02	IN_OUT	Boolean	T	DEVICE_TYPE=B,ADDRESS_NO=0593
CONVEYOR:10	UNLOAD_REQUEST_02	IN_OUT	Boolean	T	DEVICE_TYPE=B,ADDRESS_NO=0595
CONVEYOR:10	UNLOAD_REQUEST_ACK_02	IN_OUT	Boolean	T	DEVICE_TYPE=B,ADDRESS_NO=0229
CONVEYOR:10	WAIT_IN	IN_OUT	Boolean	T	DEVICE_TYPE=B,ADDRESS_NO=0225
CONVEYOR:10	WAIT_OUT	IN_OUT	Boolean	T	DEVICE_TYPE=B,ADDRESS_NO=0226
CONVEYOR:11	DIRECTION_MODE	IN_OUT	String	T	DEVICE_TYPE=W,ADDRESS_NO=0310,LENGTH=1
CONVEYOR:11	IN_READY_02	IN_OUT	Boolean	T	DEVICE_TYPE=B,ADDRESS_NO=0247
CONVEYOR:11	LOAD_COMPLETE_01	IN_OUT	Boolean	T	DEVICE_TYPE=B,ADDRESS_NO=0242
CONVEYOR:11	LOAD_COMPLETE_02	IN_OUT	Boolean	T	DEVICE_TYPE=B,ADDRESS_NO=0244
CONVEYOR:11	LOAD_COMPLETE_ACK_01	IN_OUT	Boolean	T	DEVICE_TYPE=B,ADDRESS_NO=05A2
CONVEYOR:11	LOAD_COMPLETE_ACK_02	IN_OUT	Boolean	T	DEVICE_TYPE=B,ADDRESS_NO=05A4
CONVEYOR:11	OPERATION_MODE	IN_OUT	Boolean	T	DEVICE_TYPE=B,ADDRESS_NO=0248
CONVEYOR:11	PALLET_EXIST_FLAG_01	IN_OUT	Boolean	T	DEVICE_TYPE=B,ADDRESS_NO=0250
CONVEYOR:11	PALLET_EXIST_FLAG_02	IN_OUT	Boolean	T	DEVICE_TYPE=B,ADDRESS_NO=0251
CONVEYOR:11	PALLET_EXIST_FLAG_03	IN_OUT	Boolean	T	DEVICE_TYPE=B,ADDRESS_NO=0252
CONVEYOR:11	PALLET_EXIST_FLAG_04	IN_OUT	Boolean	T	DEVICE_TYPE=B,ADDRESS_NO=0253
CONVEYOR:11	PALLET_EXIST_FLAG_05	IN_OUT	Boolean	T	DEVICE_TYPE=B,ADDRESS_NO=0254
CONVEYOR:11	PALLET_EXIST01	IN_OUT	String	F	DEVICE_TYPE=R,ADDRESS_NO=0100,LENGTH=2
CONVEYOR:11	PALLET_EXIST02	IN_OUT	String	F	DEVICE_TYPE=R,ADDRESS_NO=0102,LENGTH=2
CONVEYOR:11	PALLET_EXIST03	IN_OUT	String	F	DEVICE_TYPE=R,ADDRESS_NO=0104,LENGTH=2
CONVEYOR:11	PALLET_EXIST04	IN_OUT	String	F	DEVICE_TYPE=R,ADDRESS_NO=0106,LENGTH=2
CONVEYOR:11	PALLET_EXIST05	IN_OUT	String	F	DEVICE_TYPE=R,ADDRESS_NO=0108,LENGTH=2
CONVEYOR:11	UNLOAD_COMPLETE_01	IN_OUT	Boolean	T	DEVICE_TYPE=B,ADDRESS_NO=0241
CONVEYOR:11	UNLOAD_COMPLETE_02	IN_OUT	Boolean	T	DEVICE_TYPE=B,ADDRESS_NO=0243
CONVEYOR:11	UNLOAD_COMPLETE_ACK_01	IN_OUT	Boolean	T	DEVICE_TYPE=B,ADDRESS_NO=05A1
CONVEYOR:11	UNLOAD_COMPLETE_ACK_02	IN_OUT	Boolean	T	DEVICE_TYPE=B,ADDRESS_NO=05A3
CONVEYOR:11	UNLOAD_REQUEST_02	IN_OUT	Boolean	T	DEVICE_TYPE=B,ADDRESS_NO=05A5
CONVEYOR:11	UNLOAD_REQUEST_ACK_02	IN_OUT	Boolean	T	DEVICE_TYPE=B,ADDRESS_NO=0249
CONVEYOR:11	WAIT_IN	IN_OUT	Boolean	T	DEVICE_TYPE=B,ADDRESS_NO=0245
CONVEYOR:11	WAIT_OUT	IN_OUT	Boolean	T	DEVICE_TYPE=B,ADDRESS_NO=0246
CONVEYOR:12	DIRECTION_MODE	IN_OUT	String	T	DEVICE_TYPE=W,ADDRESS_NO=0311,LENGTH=1
CONVEYOR:12	IN_READY_02	IN_OUT	Boolean	T	DEVICE_TYPE=B,ADDRESS_NO=0267
CONVEYOR:12	LOAD_COMPLETE_01	IN_OUT	Boolean	T	DEVICE_TYPE=B,ADDRESS_NO=0262
CONVEYOR:12	LOAD_COMPLETE_02	IN_OUT	Boolean	T	DEVICE_TYPE=B,ADDRESS_NO=0264
CONVEYOR:12	LOAD_COMPLETE_ACK_01	IN_OUT	Boolean	T	DEVICE_TYPE=B,ADDRESS_NO=05B2
CONVEYOR:12	LOAD_COMPLETE_ACK_02	IN_OUT	Boolean	T	DEVICE_TYPE=B,ADDRESS_NO=05B4
CONVEYOR:12	OPERATION_MODE	IN_OUT	Boolean	T	DEVICE_TYPE=B,ADDRESS_NO=0268
CONVEYOR:12	PALLET_EXIST_FLAG_01	IN_OUT	Boolean	T	DEVICE_TYPE=B,ADDRESS_NO=0270
CONVEYOR:12	PALLET_EXIST_FLAG_02	IN_OUT	Boolean	T	DEVICE_TYPE=B,ADDRESS_NO=0271
CONVEYOR:12	PALLET_EXIST_FLAG_03	IN_OUT	Boolean	T	DEVICE_TYPE=B,ADDRESS_NO=0272
CONVEYOR:12	PALLET_EXIST_FLAG_04	IN_OUT	Boolean	T	DEVICE_TYPE=B,ADDRESS_NO=0273
CONVEYOR:12	PALLET_EXIST_FLAG_05	IN_OUT	Boolean	T	DEVICE_TYPE=B,ADDRESS_NO=0274
CONVEYOR:12	PALLET_EXIST01	IN_OUT	String	F	DEVICE_TYPE=R,ADDRESS_NO=0110,LENGTH=2
CONVEYOR:12	PALLET_EXIST02	IN_OUT	String	F	DEVICE_TYPE=R,ADDRESS_NO=0112,LENGTH=2
CONVEYOR:12	PALLET_EXIST03	IN_OUT	String	F	DEVICE_TYPE=R,ADDRESS_NO=0114,LENGTH=2
CONVEYOR:12	PALLET_EXIST04	IN_OUT	String	F	DEVICE_TYPE=R,ADDRESS_NO=0116,LENGTH=2
CONVEYOR:12	PALLET_EXIST05	IN_OUT	String	F	DEVICE_TYPE=R,ADDRESS_NO=0118,LENGTH=2
CONVEYOR:12	UNLOAD_COMPLETE_01	IN_OUT	Boolean	T	DEVICE_TYPE=B,ADDRESS_NO=0261
CONVEYOR:12	UNLOAD_COMPLETE_02	IN_OUT	Boolean	T	DEVICE_TYPE=B,ADDRESS_NO=0263
CONVEYOR:12	UNLOAD_COMPLETE_ACK_01	IN_OUT	Boolean	T	DEVICE_TYPE=B,ADDRESS_NO=05B1
CONVEYOR:12	UNLOAD_COMPLETE_ACK_02	IN_OUT	Boolean	T	DEVICE_TYPE=B,ADDRESS_NO=05B3
CONVEYOR:12	UNLOAD_REQUEST_02	IN_OUT	Boolean	T	DEVICE_TYPE=B,ADDRESS_NO=05B5
CONVEYOR:12	UNLOAD_REQUEST_ACK_02	IN_OUT	Boolean	T	DEVICE_TYPE=B,ADDRESS_NO=0269
CONVEYOR:12	WAIT_IN	IN_OUT	Boolean	T	DEVICE_TYPE=B,ADDRESS_NO=0265
CONVEYOR:12	WAIT_OUT	IN_OUT	Boolean	T	DEVICE_TYPE=B,ADDRESS_NO=0266
CONVEYOR:13	DIRECTION_MODE	IN_OUT	String	T	DEVICE_TYPE=W,ADDRESS_NO=0312,LENGTH=1
CONVEYOR:13	IN_READY_02	IN_OUT	Boolean	T	DEVICE_TYPE=B,ADDRESS_NO=0287
CONVEYOR:13	LOAD_COMPLETE_01	IN_OUT	Boolean	T	DEVICE_TYPE=B,ADDRESS_NO=0282
CONVEYOR:13	LOAD_COMPLETE_02	IN_OUT	Boolean	T	DEVICE_TYPE=B,ADDRESS_NO=0284
CONVEYOR:13	LOAD_COMPLETE_ACK_01	IN_OUT	Boolean	T	DEVICE_TYPE=B,ADDRESS_NO=05C2
CONVEYOR:13	LOAD_COMPLETE_ACK_02	IN_OUT	Boolean	T	DEVICE_TYPE=B,ADDRESS_NO=05C4
CONVEYOR:13	OPERATION_MODE	IN_OUT	Boolean	T	DEVICE_TYPE=B,ADDRESS_NO=0288
CONVEYOR:13	PALLET_EXIST_FLAG_01	IN_OUT	Boolean	T	DEVICE_TYPE=B,ADDRESS_NO=0290
CONVEYOR:13	PALLET_EXIST_FLAG_02	IN_OUT	Boolean	T	DEVICE_TYPE=B,ADDRESS_NO=0291
CONVEYOR:13	PALLET_EXIST_FLAG_03	IN_OUT	Boolean	T	DEVICE_TYPE=B,ADDRESS_NO=0292
CONVEYOR:13	PALLET_EXIST_FLAG_04	IN_OUT	Boolean	T	DEVICE_TYPE=B,ADDRESS_NO=0293
CONVEYOR:13	PALLET_EXIST_FLAG_05	IN_OUT	Boolean	T	DEVICE_TYPE=B,ADDRESS_NO=0294
CONVEYOR:13	PALLET_EXIST01	IN_OUT	String	F	DEVICE_TYPE=R,ADDRESS_NO=0120,LENGTH=2
CONVEYOR:13	PALLET_EXIST02	IN_OUT	String	F	DEVICE_TYPE=R,ADDRESS_NO=0122,LENGTH=2
CONVEYOR:13	PALLET_EXIST03	IN_OUT	String	F	DEVICE_TYPE=R,ADDRESS_NO=0124,LENGTH=2
CONVEYOR:13	PALLET_EXIST04	IN_OUT	String	F	DEVICE_TYPE=R,ADDRESS_NO=0126,LENGTH=2
CONVEYOR:13	PALLET_EXIST05	IN_OUT	String	F	DEVICE_TYPE=R,ADDRESS_NO=0128,LENGTH=2
CONVEYOR:13	UNLOAD_COMPLETE_01	IN_OUT	Boolean	T	DEVICE_TYPE=B,ADDRESS_NO=0281
CONVEYOR:13	UNLOAD_COMPLETE_02	IN_OUT	Boolean	T	DEVICE_TYPE=B,ADDRESS_NO=0283
CONVEYOR:13	UNLOAD_COMPLETE_ACK_01	IN_OUT	Boolean	T	DEVICE_TYPE=B,ADDRESS_NO=05C1
CONVEYOR:13	UNLOAD_COMPLETE_ACK_02	IN_OUT	Boolean	T	DEVICE_TYPE=B,ADDRESS_NO=05C3
CONVEYOR:13	UNLOAD_REQUEST_02	IN_OUT	Boolean	T	DEVICE_TYPE=B,ADDRESS_NO=05C5
CONVEYOR:13	UNLOAD_REQUEST_ACK_02	IN_OUT	Boolean	T	DEVICE_TYPE=B,ADDRESS_NO=0289
CONVEYOR:13	WAIT_IN	IN_OUT	Boolean	T	DEVICE_TYPE=B,ADDRESS_NO=0285
CONVEYOR:13	WAIT_OUT	IN_OUT	Boolean	T	DEVICE_TYPE=B,ADDRESS_NO=0286
CONVEYOR:14	DIRECTION_MODE	IN_OUT	String	T	DEVICE_TYPE=W,ADDRESS_NO=0313,LENGTH=1
CONVEYOR:14	IN_READY_02	IN_OUT	Boolean	T	DEVICE_TYPE=B,ADDRESS_NO=02A7
CONVEYOR:14	LOAD_COMPLETE_01	IN_OUT	Boolean	T	DEVICE_TYPE=B,ADDRESS_NO=02A2
CONVEYOR:14	LOAD_COMPLETE_02	IN_OUT	Boolean	T	DEVICE_TYPE=B,ADDRESS_NO=02A4
CONVEYOR:14	LOAD_COMPLETE_ACK_01	IN_OUT	Boolean	T	DEVICE_TYPE=B,ADDRESS_NO=05D2
CONVEYOR:14	LOAD_COMPLETE_ACK_02	IN_OUT	Boolean	T	DEVICE_TYPE=B,ADDRESS_NO=05D4
CONVEYOR:14	OPERATION_MODE	IN_OUT	Boolean	T	DEVICE_TYPE=B,ADDRESS_NO=02A8
CONVEYOR:14	PALLET_EXIST_FLAG_01	IN_OUT	Boolean	T	DEVICE_TYPE=B,ADDRESS_NO=02B0
CONVEYOR:14	PALLET_EXIST_FLAG_02	IN_OUT	Boolean	T	DEVICE_TYPE=B,ADDRESS_NO=02B1
CONVEYOR:14	PALLET_EXIST_FLAG_03	IN_OUT	Boolean	T	DEVICE_TYPE=B,ADDRESS_NO=02B2
CONVEYOR:14	PALLET_EXIST_FLAG_04	IN_OUT	Boolean	T	DEVICE_TYPE=B,ADDRESS_NO=02B3
CONVEYOR:14	PALLET_EXIST_FLAG_05	IN_OUT	Boolean	T	DEVICE_TYPE=B,ADDRESS_NO=02B4
CONVEYOR:14	PALLET_EXIST01	IN_OUT	String	F	DEVICE_TYPE=R,ADDRESS_NO=0130,LENGTH=2
CONVEYOR:14	PALLET_EXIST02	IN_OUT	String	F	DEVICE_TYPE=R,ADDRESS_NO=0132,LENGTH=2
CONVEYOR:14	PALLET_EXIST03	IN_OUT	String	F	DEVICE_TYPE=R,ADDRESS_NO=0134,LENGTH=2
CONVEYOR:14	PALLET_EXIST04	IN_OUT	String	F	DEVICE_TYPE=R,ADDRESS_NO=0136,LENGTH=2
CONVEYOR:14	PALLET_EXIST05	IN_OUT	String	F	DEVICE_TYPE=R,ADDRESS_NO=0138,LENGTH=2
CONVEYOR:14	UNLOAD_COMPLETE_01	IN_OUT	Boolean	T	DEVICE_TYPE=B,ADDRESS_NO=02A1
CONVEYOR:14	UNLOAD_COMPLETE_02	IN_OUT	Boolean	T	DEVICE_TYPE=B,ADDRESS_NO=02A3
CONVEYOR:14	UNLOAD_COMPLETE_ACK_01	IN_OUT	Boolean	T	DEVICE_TYPE=B,ADDRESS_NO=05D1
CONVEYOR:14	UNLOAD_COMPLETE_ACK_02	IN_OUT	Boolean	T	DEVICE_TYPE=B,ADDRESS_NO=05D3
CONVEYOR:14	UNLOAD_REQUEST_02	IN_OUT	Boolean	T	DEVICE_TYPE=B,ADDRESS_NO=05D5
CONVEYOR:14	UNLOAD_REQUEST_ACK_02	IN_OUT	Boolean	T	DEVICE_TYPE=B,ADDRESS_NO=02A9
CONVEYOR:14	WAIT_IN	IN_OUT	Boolean	T	DEVICE_TYPE=B,ADDRESS_NO=02A5
CONVEYOR:14	WAIT_OUT	IN_OUT	Boolean	T	DEVICE_TYPE=B,ADDRESS_NO=02A6
CONVEYOR:15	DIRECTION_MODE	IN_OUT	String	T	DEVICE_TYPE=W,ADDRESS_NO=0314,LENGTH=1
CONVEYOR:15	IN_READY_02	IN_OUT	Boolean	T	DEVICE_TYPE=B,ADDRESS_NO=02C7
CONVEYOR:15	LOAD_COMPLETE_01	IN_OUT	Boolean	T	DEVICE_TYPE=B,ADDRESS_NO=02C2
CONVEYOR:15	LOAD_COMPLETE_02	IN_OUT	Boolean	T	DEVICE_TYPE=B,ADDRESS_NO=02C4
CONVEYOR:15	LOAD_COMPLETE_ACK_01	IN_OUT	Boolean	T	DEVICE_TYPE=B,ADDRESS_NO=05E2
CONVEYOR:15	LOAD_COMPLETE_ACK_02	IN_OUT	Boolean	T	DEVICE_TYPE=B,ADDRESS_NO=05E4
CONVEYOR:15	OPERATION_MODE	IN_OUT	Boolean	T	DEVICE_TYPE=B,ADDRESS_NO=02C8
CONVEYOR:15	PALLET_EXIST_FLAG_01	IN_OUT	Boolean	T	DEVICE_TYPE=B,ADDRESS_NO=02D0
CONVEYOR:15	PALLET_EXIST_FLAG_02	IN_OUT	Boolean	T	DEVICE_TYPE=B,ADDRESS_NO=02D1
CONVEYOR:15	PALLET_EXIST_FLAG_03	IN_OUT	Boolean	T	DEVICE_TYPE=B,ADDRESS_NO=02D2
CONVEYOR:15	PALLET_EXIST_FLAG_04	IN_OUT	Boolean	T	DEVICE_TYPE=B,ADDRESS_NO=02D3
CONVEYOR:15	PALLET_EXIST_FLAG_05	IN_OUT	Boolean	T	DEVICE_TYPE=B,ADDRESS_NO=02D4
CONVEYOR:15	PALLET_EXIST01	IN_OUT	String	F	DEVICE_TYPE=R,ADDRESS_NO=0140,LENGTH=2
CONVEYOR:15	PALLET_EXIST02	IN_OUT	String	F	DEVICE_TYPE=R,ADDRESS_NO=0142,LENGTH=2
CONVEYOR:15	PALLET_EXIST03	IN_OUT	String	F	DEVICE_TYPE=R,ADDRESS_NO=0144,LENGTH=2
CONVEYOR:15	PALLET_EXIST04	IN_OUT	String	F	DEVICE_TYPE=R,ADDRESS_NO=0146,LENGTH=2
CONVEYOR:15	PALLET_EXIST05	IN_OUT	String	F	DEVICE_TYPE=R,ADDRESS_NO=0148,LENGTH=2
CONVEYOR:15	UNLOAD_COMPLETE_01	IN_OUT	Boolean	T	DEVICE_TYPE=B,ADDRESS_NO=02C1
CONVEYOR:15	UNLOAD_COMPLETE_02	IN_OUT	Boolean	T	DEVICE_TYPE=B,ADDRESS_NO=02C3
CONVEYOR:15	UNLOAD_COMPLETE_ACK_01	IN_OUT	Boolean	T	DEVICE_TYPE=B,ADDRESS_NO=05E1
CONVEYOR:15	UNLOAD_COMPLETE_ACK_02	IN_OUT	Boolean	T	DEVICE_TYPE=B,ADDRESS_NO=05E3
CONVEYOR:15	UNLOAD_REQUEST_02	IN_OUT	Boolean	T	DEVICE_TYPE=B,ADDRESS_NO=05E5
CONVEYOR:15	UNLOAD_REQUEST_ACK_02	IN_OUT	Boolean	T	DEVICE_TYPE=B,ADDRESS_NO=02C9
CONVEYOR:15	WAIT_IN	IN_OUT	Boolean	T	DEVICE_TYPE=B,ADDRESS_NO=02C5
CONVEYOR:15	WAIT_OUT	IN_OUT	Boolean	T	DEVICE_TYPE=B,ADDRESS_NO=02C6
CONVEYOR:2	DIRECTION_MODE	IN_OUT	String	T	DEVICE_TYPE=W,ADDRESS_NO=0301,LENGTH=1
CONVEYOR:2	IN_READY_02	IN_OUT	Boolean	T	DEVICE_TYPE=B,ADDRESS_NO=0127
CONVEYOR:2	LOAD_COMPLETE_01	IN_OUT	Boolean	T	DEVICE_TYPE=B,ADDRESS_NO=0122
CONVEYOR:2	LOAD_COMPLETE_02	IN_OUT	Boolean	T	DEVICE_TYPE=B,ADDRESS_NO=0124
CONVEYOR:2	LOAD_COMPLETE_ACK_01	IN_OUT	Boolean	T	DEVICE_TYPE=B,ADDRESS_NO=0512
CONVEYOR:2	LOAD_COMPLETE_ACK_02	IN_OUT	Boolean	T	DEVICE_TYPE=B,ADDRESS_NO=0514
CONVEYOR:2	OPERATION_MODE	IN_OUT	Boolean	T	DEVICE_TYPE=B,ADDRESS_NO=0128
CONVEYOR:2	PALLET_EXIST_FLAG_01	IN_OUT	Boolean	T	DEVICE_TYPE=B,ADDRESS_NO=0130
CONVEYOR:2	PALLET_EXIST_FLAG_02	IN_OUT	Boolean	T	DEVICE_TYPE=B,ADDRESS_NO=0131
CONVEYOR:2	PALLET_EXIST_FLAG_03	IN_OUT	Boolean	T	DEVICE_TYPE=B,ADDRESS_NO=0132
CONVEYOR:2	PALLET_EXIST_FLAG_04	IN_OUT	Boolean	T	DEVICE_TYPE=B,ADDRESS_NO=0133
CONVEYOR:2	PALLET_EXIST_FLAG_05	IN_OUT	Boolean	T	DEVICE_TYPE=B,ADDRESS_NO=0134
CONVEYOR:2	PALLET_EXIST01	IN_OUT	String	F	DEVICE_TYPE=R,ADDRESS_NO=0010,LENGTH=2
CONVEYOR:2	PALLET_EXIST02	IN_OUT	String	F	DEVICE_TYPE=R,ADDRESS_NO=0012,LENGTH=2
CONVEYOR:2	PALLET_EXIST03	IN_OUT	String	F	DEVICE_TYPE=R,ADDRESS_NO=0014,LENGTH=2
CONVEYOR:2	PALLET_EXIST04	IN_OUT	String	F	DEVICE_TYPE=R,ADDRESS_NO=0016,LENGTH=2
CONVEYOR:2	PALLET_EXIST05	IN_OUT	String	F	DEVICE_TYPE=R,ADDRESS_NO=0018,LENGTH=2
CONVEYOR:2	UNLOAD_COMPLETE_01	IN_OUT	Boolean	T	DEVICE_TYPE=B,ADDRESS_NO=0121
CONVEYOR:2	UNLOAD_COMPLETE_02	IN_OUT	Boolean	T	DEVICE_TYPE=B,ADDRESS_NO=0123
CONVEYOR:2	UNLOAD_COMPLETE_ACK_01	IN_OUT	Boolean	T	DEVICE_TYPE=B,ADDRESS_NO=0511
CONVEYOR:2	UNLOAD_COMPLETE_ACK_02	IN_OUT	Boolean	T	DEVICE_TYPE=B,ADDRESS_NO=0513
CONVEYOR:2	UNLOAD_REQUEST_02	IN_OUT	Boolean	T	DEVICE_TYPE=B,ADDRESS_NO=0515
CONVEYOR:2	UNLOAD_REQUEST_ACK_02	IN_OUT	Boolean	T	DEVICE_TYPE=B,ADDRESS_NO=0129
CONVEYOR:2	WAIT_IN	IN_OUT	Boolean	T	DEVICE_TYPE=B,ADDRESS_NO=0125
CONVEYOR:2	WAIT_OUT	IN_OUT	Boolean	T	DEVICE_TYPE=B,ADDRESS_NO=0126
CONVEYOR:3	DIRECTION_MODE	IN_OUT	String	T	DEVICE_TYPE=W,ADDRESS_NO=0302,LENGTH=1
CONVEYOR:3	IN_READY_02	IN_OUT	Boolean	T	DEVICE_TYPE=B,ADDRESS_NO=0147
CONVEYOR:3	LOAD_COMPLETE_01	IN_OUT	Boolean	T	DEVICE_TYPE=B,ADDRESS_NO=0142
CONVEYOR:3	LOAD_COMPLETE_02	IN_OUT	Boolean	T	DEVICE_TYPE=B,ADDRESS_NO=0144
CONVEYOR:3	LOAD_COMPLETE_ACK_01	IN_OUT	Boolean	T	DEVICE_TYPE=B,ADDRESS_NO=0522
CONVEYOR:3	LOAD_COMPLETE_ACK_02	IN_OUT	Boolean	T	DEVICE_TYPE=B,ADDRESS_NO=0524
CONVEYOR:3	OPERATION_MODE	IN_OUT	Boolean	T	DEVICE_TYPE=B,ADDRESS_NO=0148
CONVEYOR:3	PALLET_EXIST_FLAG_01	IN_OUT	Boolean	T	DEVICE_TYPE=B,ADDRESS_NO=0150
CONVEYOR:3	PALLET_EXIST_FLAG_02	IN_OUT	Boolean	T	DEVICE_TYPE=B,ADDRESS_NO=0151
CONVEYOR:3	PALLET_EXIST_FLAG_03	IN_OUT	Boolean	T	DEVICE_TYPE=B,ADDRESS_NO=0152
CONVEYOR:3	PALLET_EXIST_FLAG_04	IN_OUT	Boolean	T	DEVICE_TYPE=B,ADDRESS_NO=0153
CONVEYOR:3	PALLET_EXIST_FLAG_05	IN_OUT	Boolean	T	DEVICE_TYPE=B,ADDRESS_NO=0154
CONVEYOR:3	PALLET_EXIST01	IN_OUT	String	F	DEVICE_TYPE=R,ADDRESS_NO=0020,LENGTH=2
CONVEYOR:3	PALLET_EXIST02	IN_OUT	String	F	DEVICE_TYPE=R,ADDRESS_NO=0022,LENGTH=2
CONVEYOR:3	PALLET_EXIST03	IN_OUT	String	F	DEVICE_TYPE=R,ADDRESS_NO=0024,LENGTH=2
CONVEYOR:3	PALLET_EXIST04	IN_OUT	String	F	DEVICE_TYPE=R,ADDRESS_NO=0026,LENGTH=2
CONVEYOR:3	PALLET_EXIST05	IN_OUT	String	F	DEVICE_TYPE=R,ADDRESS_NO=0028,LENGTH=2
CONVEYOR:3	UNLOAD_COMPLETE_01	IN_OUT	Boolean	T	DEVICE_TYPE=B,ADDRESS_NO=0141
CONVEYOR:3	UNLOAD_COMPLETE_02	IN_OUT	Boolean	T	DEVICE_TYPE=B,ADDRESS_NO=0143
CONVEYOR:3	UNLOAD_COMPLETE_ACK_01	IN_OUT	Boolean	T	DEVICE_TYPE=B,ADDRESS_NO=0521
CONVEYOR:3	UNLOAD_COMPLETE_ACK_02	IN_OUT	Boolean	T	DEVICE_TYPE=B,ADDRESS_NO=0523
CONVEYOR:3	UNLOAD_REQUEST_02	IN_OUT	Boolean	T	DEVICE_TYPE=B,ADDRESS_NO=0525
CONVEYOR:3	UNLOAD_REQUEST_ACK_02	IN_OUT	Boolean	T	DEVICE_TYPE=B,ADDRESS_NO=0149
CONVEYOR:3	WAIT_IN	IN_OUT	Boolean	T	DEVICE_TYPE=B,ADDRESS_NO=0145
CONVEYOR:3	WAIT_OUT	IN_OUT	Boolean	T	DEVICE_TYPE=B,ADDRESS_NO=0146
CONVEYOR:4	DIRECTION_MODE	IN_OUT	String	T	DEVICE_TYPE=W,ADDRESS_NO=0303,LENGTH=1
CONVEYOR:4	IN_READY_02	IN_OUT	Boolean	T	DEVICE_TYPE=B,ADDRESS_NO=0167
CONVEYOR:4	LOAD_COMPLETE_01	IN_OUT	Boolean	T	DEVICE_TYPE=B,ADDRESS_NO=0162
CONVEYOR:4	LOAD_COMPLETE_02	IN_OUT	Boolean	T	DEVICE_TYPE=B,ADDRESS_NO=0164
CONVEYOR:4	LOAD_COMPLETE_ACK_01	IN_OUT	Boolean	T	DEVICE_TYPE=B,ADDRESS_NO=0532
CONVEYOR:4	LOAD_COMPLETE_ACK_02	IN_OUT	Boolean	T	DEVICE_TYPE=B,ADDRESS_NO=0534
CONVEYOR:4	OPERATION_MODE	IN_OUT	Boolean	T	DEVICE_TYPE=B,ADDRESS_NO=0168
CONVEYOR:4	PALLET_EXIST_FLAG_01	IN_OUT	Boolean	T	DEVICE_TYPE=B,ADDRESS_NO=0170
CONVEYOR:4	PALLET_EXIST_FLAG_02	IN_OUT	Boolean	T	DEVICE_TYPE=B,ADDRESS_NO=0171
CONVEYOR:4	PALLET_EXIST_FLAG_03	IN_OUT	Boolean	T	DEVICE_TYPE=B,ADDRESS_NO=0172
CONVEYOR:4	PALLET_EXIST_FLAG_04	IN_OUT	Boolean	T	DEVICE_TYPE=B,ADDRESS_NO=0173
CONVEYOR:4	PALLET_EXIST_FLAG_05	IN_OUT	Boolean	T	DEVICE_TYPE=B,ADDRESS_NO=0174
CONVEYOR:4	PALLET_EXIST01	IN_OUT	String	F	DEVICE_TYPE=R,ADDRESS_NO=0030,LENGTH=2
CONVEYOR:4	PALLET_EXIST02	IN_OUT	String	F	DEVICE_TYPE=R,ADDRESS_NO=0032,LENGTH=2
CONVEYOR:4	PALLET_EXIST03	IN_OUT	String	F	DEVICE_TYPE=R,ADDRESS_NO=0034,LENGTH=2
CONVEYOR:4	PALLET_EXIST04	IN_OUT	String	F	DEVICE_TYPE=R,ADDRESS_NO=0036,LENGTH=2
CONVEYOR:4	PALLET_EXIST05	IN_OUT	String	F	DEVICE_TYPE=R,ADDRESS_NO=0038,LENGTH=2
CONVEYOR:4	UNLOAD_COMPLETE_01	IN_OUT	Boolean	T	DEVICE_TYPE=B,ADDRESS_NO=0161
CONVEYOR:4	UNLOAD_COMPLETE_02	IN_OUT	Boolean	T	DEVICE_TYPE=B,ADDRESS_NO=0163
CONVEYOR:4	UNLOAD_COMPLETE_ACK_01	IN_OUT	Boolean	T	DEVICE_TYPE=B,ADDRESS_NO=0531
CONVEYOR:4	UNLOAD_COMPLETE_ACK_02	IN_OUT	Boolean	T	DEVICE_TYPE=B,ADDRESS_NO=0533
CONVEYOR:4	UNLOAD_REQUEST_02	IN_OUT	Boolean	T	DEVICE_TYPE=B,ADDRESS_NO=0535
CONVEYOR:4	UNLOAD_REQUEST_ACK_02	IN_OUT	Boolean	T	DEVICE_TYPE=B,ADDRESS_NO=0169
CONVEYOR:4	WAIT_IN	IN_OUT	Boolean	T	DEVICE_TYPE=B,ADDRESS_NO=0165
CONVEYOR:4	WAIT_OUT	IN_OUT	Boolean	T	DEVICE_TYPE=B,ADDRESS_NO=0166
CONVEYOR:5	DIRECTION_MODE	IN_OUT	String	T	DEVICE_TYPE=W,ADDRESS_NO=0304,LENGTH=1
CONVEYOR:5	IN_READY_02	IN_OUT	Boolean	T	DEVICE_TYPE=B,ADDRESS_NO=0187
CONVEYOR:5	LOAD_COMPLETE_01	IN_OUT	Boolean	T	DEVICE_TYPE=B,ADDRESS_NO=0182
CONVEYOR:5	LOAD_COMPLETE_02	IN_OUT	Boolean	T	DEVICE_TYPE=B,ADDRESS_NO=0184
CONVEYOR:5	LOAD_COMPLETE_ACK_01	IN_OUT	Boolean	T	DEVICE_TYPE=B,ADDRESS_NO=0542
CONVEYOR:5	LOAD_COMPLETE_ACK_02	IN_OUT	Boolean	T	DEVICE_TYPE=B,ADDRESS_NO=0544
CONVEYOR:5	OPERATION_MODE	IN_OUT	Boolean	T	DEVICE_TYPE=B,ADDRESS_NO=0188
CONVEYOR:5	PALLET_EXIST_FLAG_01	IN_OUT	Boolean	T	DEVICE_TYPE=B,ADDRESS_NO=0190
CONVEYOR:5	PALLET_EXIST_FLAG_02	IN_OUT	Boolean	T	DEVICE_TYPE=B,ADDRESS_NO=0191
CONVEYOR:5	PALLET_EXIST_FLAG_03	IN_OUT	Boolean	T	DEVICE_TYPE=B,ADDRESS_NO=0192
CONVEYOR:5	PALLET_EXIST_FLAG_04	IN_OUT	Boolean	T	DEVICE_TYPE=B,ADDRESS_NO=0193
CONVEYOR:5	PALLET_EXIST_FLAG_05	IN_OUT	Boolean	T	DEVICE_TYPE=B,ADDRESS_NO=0194
CONVEYOR:5	PALLET_EXIST01	IN_OUT	String	F	DEVICE_TYPE=R,ADDRESS_NO=0040,LENGTH=2
CONVEYOR:5	PALLET_EXIST02	IN_OUT	String	F	DEVICE_TYPE=R,ADDRESS_NO=0042,LENGTH=2
CONVEYOR:5	PALLET_EXIST03	IN_OUT	String	F	DEVICE_TYPE=R,ADDRESS_NO=0044,LENGTH=2
CONVEYOR:5	PALLET_EXIST04	IN_OUT	String	F	DEVICE_TYPE=R,ADDRESS_NO=0046,LENGTH=2
CONVEYOR:5	PALLET_EXIST05	IN_OUT	String	F	DEVICE_TYPE=R,ADDRESS_NO=0048,LENGTH=2
CONVEYOR:5	UNLOAD_COMPLETE_01	IN_OUT	Boolean	T	DEVICE_TYPE=B,ADDRESS_NO=0181
CONVEYOR:5	UNLOAD_COMPLETE_02	IN_OUT	Boolean	T	DEVICE_TYPE=B,ADDRESS_NO=0183
CONVEYOR:5	UNLOAD_COMPLETE_ACK_01	IN_OUT	Boolean	T	DEVICE_TYPE=B,ADDRESS_NO=0541
CONVEYOR:5	UNLOAD_COMPLETE_ACK_02	IN_OUT	Boolean	T	DEVICE_TYPE=B,ADDRESS_NO=0543
CONVEYOR:5	UNLOAD_REQUEST_02	IN_OUT	Boolean	T	DEVICE_TYPE=B,ADDRESS_NO=0545
CONVEYOR:5	UNLOAD_REQUEST_ACK_02	IN_OUT	Boolean	T	DEVICE_TYPE=B,ADDRESS_NO=0189
CONVEYOR:5	WAIT_IN	IN_OUT	Boolean	T	DEVICE_TYPE=B,ADDRESS_NO=0185
CONVEYOR:5	WAIT_OUT	IN_OUT	Boolean	T	DEVICE_TYPE=B,ADDRESS_NO=0186
CONVEYOR:6	DIRECTION_MODE	IN_OUT	String	T	DEVICE_TYPE=W,ADDRESS_NO=0305,LENGTH=1
CONVEYOR:6	IN_READY_02	IN_OUT	Boolean	T	DEVICE_TYPE=B,ADDRESS_NO=01A7
CONVEYOR:6	LOAD_COMPLETE_01	IN_OUT	Boolean	T	DEVICE_TYPE=B,ADDRESS_NO=01A2
CONVEYOR:6	LOAD_COMPLETE_02	IN_OUT	Boolean	T	DEVICE_TYPE=B,ADDRESS_NO=01A4
CONVEYOR:6	LOAD_COMPLETE_ACK_01	IN_OUT	Boolean	T	DEVICE_TYPE=B,ADDRESS_NO=0552
CONVEYOR:6	LOAD_COMPLETE_ACK_02	IN_OUT	Boolean	T	DEVICE_TYPE=B,ADDRESS_NO=0554
CONVEYOR:6	OPERATION_MODE	IN_OUT	Boolean	T	DEVICE_TYPE=B,ADDRESS_NO=01A8
CONVEYOR:6	PALLET_EXIST_FLAG_01	IN_OUT	Boolean	T	DEVICE_TYPE=B,ADDRESS_NO=01B0
CONVEYOR:6	PALLET_EXIST_FLAG_02	IN_OUT	Boolean	T	DEVICE_TYPE=B,ADDRESS_NO=01B1
CONVEYOR:6	PALLET_EXIST_FLAG_03	IN_OUT	Boolean	T	DEVICE_TYPE=B,ADDRESS_NO=01B2
CONVEYOR:6	PALLET_EXIST_FLAG_04	IN_OUT	Boolean	T	DEVICE_TYPE=B,ADDRESS_NO=01B3
CONVEYOR:6	PALLET_EXIST_FLAG_05	IN_OUT	Boolean	T	DEVICE_TYPE=B,ADDRESS_NO=01B4
CONVEYOR:6	PALLET_EXIST01	IN_OUT	String	F	DEVICE_TYPE=R,ADDRESS_NO=0050,LENGTH=2
CONVEYOR:6	PALLET_EXIST02	IN_OUT	String	F	DEVICE_TYPE=R,ADDRESS_NO=0052,LENGTH=2
CONVEYOR:6	PALLET_EXIST03	IN_OUT	String	F	DEVICE_TYPE=R,ADDRESS_NO=0054,LENGTH=2
CONVEYOR:6	PALLET_EXIST04	IN_OUT	String	F	DEVICE_TYPE=R,ADDRESS_NO=0056,LENGTH=2
CONVEYOR:6	PALLET_EXIST05	IN_OUT	String	F	DEVICE_TYPE=R,ADDRESS_NO=0058,LENGTH=2
CONVEYOR:6	UNLOAD_COMPLETE_01	IN_OUT	Boolean	T	DEVICE_TYPE=B,ADDRESS_NO=01A1
CONVEYOR:6	UNLOAD_COMPLETE_02	IN_OUT	Boolean	T	DEVICE_TYPE=B,ADDRESS_NO=01A3
CONVEYOR:6	UNLOAD_COMPLETE_ACK_01	IN_OUT	Boolean	T	DEVICE_TYPE=B,ADDRESS_NO=0551
CONVEYOR:6	UNLOAD_COMPLETE_ACK_02	IN_OUT	Boolean	T	DEVICE_TYPE=B,ADDRESS_NO=0553
CONVEYOR:6	UNLOAD_REQUEST_02	IN_OUT	Boolean	T	DEVICE_TYPE=B,ADDRESS_NO=0555
CONVEYOR:6	UNLOAD_REQUEST_ACK_02	IN_OUT	Boolean	T	DEVICE_TYPE=B,ADDRESS_NO=01A9
CONVEYOR:6	WAIT_IN	IN_OUT	Boolean	T	DEVICE_TYPE=B,ADDRESS_NO=01A5
CONVEYOR:6	WAIT_OUT	IN_OUT	Boolean	T	DEVICE_TYPE=B,ADDRESS_NO=01A6
CONVEYOR:7	DIRECTION_MODE	IN_OUT	String	T	DEVICE_TYPE=W,ADDRESS_NO=0306,LENGTH=1
CONVEYOR:7	IN_READY_02	IN_OUT	Boolean	T	DEVICE_TYPE=B,ADDRESS_NO=01C7
CONVEYOR:7	LOAD_COMPLETE_01	IN_OUT	Boolean	T	DEVICE_TYPE=B,ADDRESS_NO=01C2
CONVEYOR:7	LOAD_COMPLETE_02	IN_OUT	Boolean	T	DEVICE_TYPE=B,ADDRESS_NO=01C4
CONVEYOR:7	LOAD_COMPLETE_ACK_01	IN_OUT	Boolean	T	DEVICE_TYPE=B,ADDRESS_NO=0562
CONVEYOR:7	LOAD_COMPLETE_ACK_02	IN_OUT	Boolean	T	DEVICE_TYPE=B,ADDRESS_NO=0564
CONVEYOR:7	OPERATION_MODE	IN_OUT	Boolean	T	DEVICE_TYPE=B,ADDRESS_NO=01C8
CONVEYOR:7	PALLET_EXIST_FLAG_01	IN_OUT	Boolean	T	DEVICE_TYPE=B,ADDRESS_NO=01D0
CONVEYOR:7	PALLET_EXIST_FLAG_02	IN_OUT	Boolean	T	DEVICE_TYPE=B,ADDRESS_NO=01D1
CONVEYOR:7	PALLET_EXIST_FLAG_03	IN_OUT	Boolean	T	DEVICE_TYPE=B,ADDRESS_NO=01D2
CONVEYOR:7	PALLET_EXIST_FLAG_04	IN_OUT	Boolean	T	DEVICE_TYPE=B,ADDRESS_NO=01D3
CONVEYOR:7	PALLET_EXIST_FLAG_05	IN_OUT	Boolean	T	DEVICE_TYPE=B,ADDRESS_NO=01D4
CONVEYOR:7	PALLET_EXIST01	IN_OUT	String	F	DEVICE_TYPE=R,ADDRESS_NO=0060,LENGTH=2
CONVEYOR:7	PALLET_EXIST02	IN_OUT	String	F	DEVICE_TYPE=R,ADDRESS_NO=0062,LENGTH=2
CONVEYOR:7	PALLET_EXIST03	IN_OUT	String	F	DEVICE_TYPE=R,ADDRESS_NO=0064,LENGTH=2
CONVEYOR:7	PALLET_EXIST04	IN_OUT	String	F	DEVICE_TYPE=R,ADDRESS_NO=0066,LENGTH=2
CONVEYOR:7	PALLET_EXIST05	IN_OUT	String	F	DEVICE_TYPE=R,ADDRESS_NO=0068,LENGTH=2
CONVEYOR:7	UNLOAD_COMPLETE_01	IN_OUT	Boolean	T	DEVICE_TYPE=B,ADDRESS_NO=01C1
CONVEYOR:7	UNLOAD_COMPLETE_02	IN_OUT	Boolean	T	DEVICE_TYPE=B,ADDRESS_NO=01C3
CONVEYOR:7	UNLOAD_COMPLETE_ACK_01	IN_OUT	Boolean	T	DEVICE_TYPE=B,ADDRESS_NO=0561
CONVEYOR:7	UNLOAD_COMPLETE_ACK_02	IN_OUT	Boolean	T	DEVICE_TYPE=B,ADDRESS_NO=0563
CONVEYOR:7	UNLOAD_REQUEST_02	IN_OUT	Boolean	T	DEVICE_TYPE=B,ADDRESS_NO=0565
CONVEYOR:7	UNLOAD_REQUEST_ACK_02	IN_OUT	Boolean	T	DEVICE_TYPE=B,ADDRESS_NO=01C9
CONVEYOR:7	WAIT_IN	IN_OUT	Boolean	T	DEVICE_TYPE=B,ADDRESS_NO=01C5
CONVEYOR:7	WAIT_OUT	IN_OUT	Boolean	T	DEVICE_TYPE=B,ADDRESS_NO=01C6
CONVEYOR:8	DIRECTION_MODE	IN_OUT	String	T	DEVICE_TYPE=W,ADDRESS_NO=0307,LENGTH=1
CONVEYOR:8	IN_READY_02	IN_OUT	Boolean	T	DEVICE_TYPE=B,ADDRESS_NO=01E7
CONVEYOR:8	LOAD_COMPLETE_01	IN_OUT	Boolean	T	DEVICE_TYPE=B,ADDRESS_NO=01E2
CONVEYOR:8	LOAD_COMPLETE_02	IN_OUT	Boolean	T	DEVICE_TYPE=B,ADDRESS_NO=01E4
CONVEYOR:8	LOAD_COMPLETE_ACK_01	IN_OUT	Boolean	T	DEVICE_TYPE=B,ADDRESS_NO=0572
CONVEYOR:8	LOAD_COMPLETE_ACK_02	IN_OUT	Boolean	T	DEVICE_TYPE=B,ADDRESS_NO=0574
CONVEYOR:8	OPERATION_MODE	IN_OUT	Boolean	T	DEVICE_TYPE=B,ADDRESS_NO=01E8
CONVEYOR:8	PALLET_EXIST_FLAG_01	IN_OUT	Boolean	T	DEVICE_TYPE=B,ADDRESS_NO=01F0
CONVEYOR:8	PALLET_EXIST_FLAG_02	IN_OUT	Boolean	T	DEVICE_TYPE=B,ADDRESS_NO=01F1
CONVEYOR:8	PALLET_EXIST_FLAG_03	IN_OUT	Boolean	T	DEVICE_TYPE=B,ADDRESS_NO=01F2
CONVEYOR:8	PALLET_EXIST_FLAG_04	IN_OUT	Boolean	T	DEVICE_TYPE=B,ADDRESS_NO=01F3
CONVEYOR:8	PALLET_EXIST_FLAG_05	IN_OUT	Boolean	T	DEVICE_TYPE=B,ADDRESS_NO=01F4
CONVEYOR:8	PALLET_EXIST01	IN_OUT	String	F	DEVICE_TYPE=R,ADDRESS_NO=0070,LENGTH=2
CONVEYOR:8	PALLET_EXIST02	IN_OUT	String	F	DEVICE_TYPE=R,ADDRESS_NO=0072,LENGTH=2
CONVEYOR:8	PALLET_EXIST03	IN_OUT	String	F	DEVICE_TYPE=R,ADDRESS_NO=0074,LENGTH=2
CONVEYOR:8	PALLET_EXIST04	IN_OUT	String	F	DEVICE_TYPE=R,ADDRESS_NO=0076,LENGTH=2
CONVEYOR:8	PALLET_EXIST05	IN_OUT	String	F	DEVICE_TYPE=R,ADDRESS_NO=0078,LENGTH=2
CONVEYOR:8	UNLOAD_COMPLETE_01	IN_OUT	Boolean	T	DEVICE_TYPE=B,ADDRESS_NO=01E1
CONVEYOR:8	UNLOAD_COMPLETE_02	IN_OUT	Boolean	T	DEVICE_TYPE=B,ADDRESS_NO=01E3
CONVEYOR:8	UNLOAD_COMPLETE_ACK_01	IN_OUT	Boolean	T	DEVICE_TYPE=B,ADDRESS_NO=0571
CONVEYOR:8	UNLOAD_COMPLETE_ACK_02	IN_OUT	Boolean	T	DEVICE_TYPE=B,ADDRESS_NO=0573
CONVEYOR:8	UNLOAD_REQUEST_02	IN_OUT	Boolean	T	DEVICE_TYPE=B,ADDRESS_NO=0575
CONVEYOR:8	UNLOAD_REQUEST_ACK_02	IN_OUT	Boolean	T	DEVICE_TYPE=B,ADDRESS_NO=01E9
CONVEYOR:8	WAIT_IN	IN_OUT	Boolean	T	DEVICE_TYPE=B,ADDRESS_NO=01E5
CONVEYOR:8	WAIT_OUT	IN_OUT	Boolean	T	DEVICE_TYPE=B,ADDRESS_NO=01E6
CONVEYOR:9	DIRECTION_MODE	IN_OUT	String	T	DEVICE_TYPE=W,ADDRESS_NO=0308,LENGTH=1
CONVEYOR:9	IN_READY_02	IN_OUT	Boolean	T	DEVICE_TYPE=B,ADDRESS_NO=0207
CONVEYOR:9	LOAD_COMPLETE_01	IN_OUT	Boolean	T	DEVICE_TYPE=B,ADDRESS_NO=0202
CONVEYOR:9	LOAD_COMPLETE_02	IN_OUT	Boolean	T	DEVICE_TYPE=B,ADDRESS_NO=0204
CONVEYOR:9	LOAD_COMPLETE_ACK_01	IN_OUT	Boolean	T	DEVICE_TYPE=B,ADDRESS_NO=0582
CONVEYOR:9	LOAD_COMPLETE_ACK_02	IN_OUT	Boolean	T	DEVICE_TYPE=B,ADDRESS_NO=0584
CONVEYOR:9	OPERATION_MODE	IN_OUT	Boolean	T	DEVICE_TYPE=B,ADDRESS_NO=0208
CONVEYOR:9	PALLET_EXIST_FLAG_01	IN_OUT	Boolean	T	DEVICE_TYPE=B,ADDRESS_NO=0210
CONVEYOR:9	PALLET_EXIST_FLAG_02	IN_OUT	Boolean	T	DEVICE_TYPE=B,ADDRESS_NO=0211
CONVEYOR:9	PALLET_EXIST_FLAG_03	IN_OUT	Boolean	T	DEVICE_TYPE=B,ADDRESS_NO=0212
CONVEYOR:9	PALLET_EXIST_FLAG_04	IN_OUT	Boolean	T	DEVICE_TYPE=B,ADDRESS_NO=0213
CONVEYOR:9	PALLET_EXIST_FLAG_05	IN_OUT	Boolean	T	DEVICE_TYPE=B,ADDRESS_NO=0214
CONVEYOR:9	PALLET_EXIST01	IN_OUT	String	F	DEVICE_TYPE=R,ADDRESS_NO=0080,LENGTH=2
CONVEYOR:9	PALLET_EXIST02	IN_OUT	String	F	DEVICE_TYPE=R,ADDRESS_NO=0082,LENGTH=2
CONVEYOR:9	PALLET_EXIST03	IN_OUT	String	F	DEVICE_TYPE=R,ADDRESS_NO=0084,LENGTH=2
CONVEYOR:9	PALLET_EXIST04	IN_OUT	String	F	DEVICE_TYPE=R,ADDRESS_NO=0086,LENGTH=2
CONVEYOR:9	PALLET_EXIST05	IN_OUT	String	F	DEVICE_TYPE=R,ADDRESS_NO=0088,LENGTH=2
CONVEYOR:9	UNLOAD_COMPLETE_01	IN_OUT	Boolean	T	DEVICE_TYPE=B,ADDRESS_NO=0201
CONVEYOR:9	UNLOAD_COMPLETE_02	IN_OUT	Boolean	T	DEVICE_TYPE=B,ADDRESS_NO=0203
CONVEYOR:9	UNLOAD_COMPLETE_ACK_01	IN_OUT	Boolean	T	DEVICE_TYPE=B,ADDRESS_NO=0581
CONVEYOR:9	UNLOAD_COMPLETE_ACK_02	IN_OUT	Boolean	T	DEVICE_TYPE=B,ADDRESS_NO=0583
CONVEYOR:9	UNLOAD_REQUEST_02	IN_OUT	Boolean	T	DEVICE_TYPE=B,ADDRESS_NO=0585
CONVEYOR:9	UNLOAD_REQUEST_ACK_02	IN_OUT	Boolean	T	DEVICE_TYPE=B,ADDRESS_NO=0209
CONVEYOR:9	WAIT_IN	IN_OUT	Boolean	T	DEVICE_TYPE=B,ADDRESS_NO=0205
CONVEYOR:9	WAIT_OUT	IN_OUT	Boolean	T	DEVICE_TYPE=B,ADDRESS_NO=0206
VEHICLE:1	ALARM_RESET_CODE	IN_OUT	Short	T	DEVICE_TYPE=W,ADDRESS_NO=0212,LENGTH=1
VEHICLE:1	ALARM_RESET_REPORT	IN_OUT	Boolean	T	DEVICE_TYPE=B,ADDRESS_NO=03B3
VEHICLE:1	ALARM_RESET_REPORT_ACK	IN_OUT	Boolean	T	DEVICE_TYPE=B,ADDRESS_NO=0654
VEHICLE:1	ALARM_SET_CODE	IN_OUT	Short	T	DEVICE_TYPE=W,ADDRESS_NO=0211,LENGTH=1
VEHICLE:1	ALARM_SET_REPORT	IN_OUT	Boolean	T	DEVICE_TYPE=B,ADDRESS_NO=03B2
VEHICLE:1	ALARM_SET_REPORT_ACK	IN_OUT	Boolean	T	DEVICE_TYPE=B,ADDRESS_NO=0653
VEHICLE:1	FROM_01	IN_OUT	String	T	DEVICE_TYPE=W,ADDRESS_NO=0370,LENGTH=1
VEHICLE:1	FROM_02	IN_OUT	String	T	DEVICE_TYPE=W,ADDRESS_NO=0371,LENGTH=1
VEHICLE:1	FROM_03	IN_OUT	String	T	DEVICE_TYPE=W,ADDRESS_NO=0372,LENGTH=1
VEHICLE:1	LOAD_COMPLETE	IN_OUT	Boolean	T	DEVICE_TYPE=B,ADDRESS_NO=03B0
VEHICLE:1	LOAD_COMPLETE_ACK	IN_OUT	Boolean	T	DEVICE_TYPE=B,ADDRESS_NO=0651
VEHICLE:1	OPERATION_MODE	IN_OUT	Short	T	DEVICE_TYPE=W,ADDRESS_NO=0219,LENGTH=1
VEHICLE:1	PALLET_EXIST_FLAG	IN_OUT	Boolean	T	DEVICE_TYPE=B,ADDRESS_NO=03A0
VEHICLE:1	PALLET_ID	IN_OUT	String	T	DEVICE_TYPE=W,ADDRESS_NO=0376,LENGTH=2
VEHICLE:1	PALLET_ON_VEHICLE	IN_OUT	String	T	DEVICE_TYPE=R,ADDRESS_NO=0310,LENGTH=2
VEHICLE:1	SUBSYSTEM_LOCATION_01	IN_OUT	String	T	DEVICE_TYPE=W,ADDRESS_NO=0216,LENGTH=1
VEHICLE:1	SUBSYSTEM_LOCATION_02	IN_OUT	String	T	DEVICE_TYPE=W,ADDRESS_NO=0217,LENGTH=1
VEHICLE:1	SUBSYSTEM_LOCATION_03	IN_OUT	String	T	DEVICE_TYPE=W,ADDRESS_NO=0218,LENGTH=1
VEHICLE:1	SUBSYSTEM_STATUS	IN_OUT	Short	T	DEVICE_TYPE=W,ADDRESS_NO=0210,LENGTH=1
VEHICLE:1	TO_01	IN_OUT	String	T	DEVICE_TYPE=W,ADDRESS_NO=0373,LENGTH=1
VEHICLE:1	TO_02	IN_OUT	String	T	DEVICE_TYPE=W,ADDRESS_NO=0374,LENGTH=1
VEHICLE:1	TO_03	IN_OUT	String	T	DEVICE_TYPE=W,ADDRESS_NO=0355,LENGTH=1
VEHICLE:1	TRANSFER_ACK	IN_OUT	Boolean	T	DEVICE_TYPE=B,ADDRESS_NO=03B4
VEHICLE:1	TRANSFER_COMPLETE_ACK	IN_OUT	Boolean	T	DEVICE_TYPE=B,ADDRESS_NO=0655
VEHICLE:1	TRANSFER_COMPLETE_LOCATION_01	IN_OUT	String	T	DEVICE_TYPE=W,ADDRESS_NO=0213,LENGTH=1
VEHICLE:1	TRANSFER_COMPLETE_LOCATION_02	IN_OUT	String	T	DEVICE_TYPE=W,ADDRESS_NO=0214,LENGTH=1
VEHICLE:1	TRANSFER_COMPLETE_LOCATION_03	IN_OUT	String	T	DEVICE_TYPE=W,ADDRESS_NO=0215,LENGTH=1
VEHICLE:1	TRANSFER_REQUEST	IN_OUT	Boolean	T	DEVICE_TYPE=B,ADDRESS_NO=0650
VEHICLE:1	UNLOAD_COMPLETE	IN_OUT	Boolean	T	DEVICE_TYPE=B,ADDRESS_NO=03B1
VEHICLE:1	UNLOAD_COMPLETE_ACK	IN_OUT	Boolean	T	DEVICE_TYPE=B,ADDRESS_NO=0652
VEHICLE:11	ALARM_RESET_CODE	IN_OUT	Short	T	DEVICE_TYPE=W,ADDRESS_NO=0162,LENGTH=1
VEHICLE:11	ALARM_RESET_REPORT	IN_OUT	Boolean	T	DEVICE_TYPE=B,ADDRESS_NO=0313
VEHICLE:11	ALARM_RESET_REPORT_ACK	IN_OUT	Boolean	T	DEVICE_TYPE=B,ADDRESS_NO=0604
VEHICLE:11	ALARM_SET_CODE	IN_OUT	Short	T	DEVICE_TYPE=W,ADDRESS_NO=0161,LENGTH=1
VEHICLE:11	ALARM_SET_REPORT	IN_OUT	Boolean	T	DEVICE_TYPE=B,ADDRESS_NO=0312
VEHICLE:11	ALARM_SET_REPORT_ACK	IN_OUT	Boolean	T	DEVICE_TYPE=B,ADDRESS_NO=0603
VEHICLE:11	FROM_01	IN_OUT	String	T	DEVICE_TYPE=W,ADDRESS_NO=0320,LENGTH=1
VEHICLE:11	FROM_02	IN_OUT	String	T	DEVICE_TYPE=W,ADDRESS_NO=0321,LENGTH=1
VEHICLE:11	FROM_03	IN_OUT	String	T	DEVICE_TYPE=W,ADDRESS_NO=0322,LENGTH=1
VEHICLE:11	LOAD_COMPLETE	IN_OUT	Boolean	T	DEVICE_TYPE=B,ADDRESS_NO=0310
VEHICLE:11	LOAD_COMPLETE_ACK	IN_OUT	Boolean	T	DEVICE_TYPE=B,ADDRESS_NO=0601
VEHICLE:11	OPERATION_MODE	IN_OUT	Short	T	DEVICE_TYPE=W,ADDRESS_NO=0169,LENGTH=1
VEHICLE:11	PALLET_EXIST_FLAG	IN_OUT	Boolean	T	DEVICE_TYPE=B,ADDRESS_NO=0300
VEHICLE:11	PALLET_ID	IN_OUT	String	T	DEVICE_TYPE=W,ADDRESS_NO=0326,LENGTH=2
VEHICLE:11	PALLET_ON_VEHICLE	IN_OUT	String	T	DEVICE_TYPE=R,ADDRESS_NO=0300,LENGTH=2
VEHICLE:11	SUBSYSTEM_LOCATION_01	IN_OUT	String	T	DEVICE_TYPE=W,ADDRESS_NO=0166,LENGTH=1
VEHICLE:11	SUBSYSTEM_LOCATION_02	IN_OUT	String	T	DEVICE_TYPE=W,ADDRESS_NO=0167,LENGTH=1
VEHICLE:11	SUBSYSTEM_LOCATION_03	IN_OUT	String	T	DEVICE_TYPE=W,ADDRESS_NO=0168,LENGTH=1
VEHICLE:11	SUBSYSTEM_STATUS	IN_OUT	Short	T	DEVICE_TYPE=W,ADDRESS_NO=0160,LENGTH=1
VEHICLE:11	TO_01	IN_OUT	String	T	DEVICE_TYPE=W,ADDRESS_NO=0323,LENGTH=1
VEHICLE:11	TO_02	IN_OUT	String	T	DEVICE_TYPE=W,ADDRESS_NO=0324,LENGTH=1
VEHICLE:11	TO_03	IN_OUT	String	T	DEVICE_TYPE=W,ADDRESS_NO=0325,LENGTH=1
VEHICLE:11	TRANSFER_ACK	IN_OUT	Boolean	T	DEVICE_TYPE=B,ADDRESS_NO=0314
VEHICLE:11	TRANSFER_COMPLETE_LOCATION_01	IN_OUT	String	T	DEVICE_TYPE=W,ADDRESS_NO=0163,LENGTH=1
VEHICLE:11	TRANSFER_COMPLETE_LOCATION_02	IN_OUT	String	T	DEVICE_TYPE=W,ADDRESS_NO=0164,LENGTH=1
VEHICLE:11	TRANSFER_COMPLETE_LOCATION_03	IN_OUT	String	T	DEVICE_TYPE=W,ADDRESS_NO=0165,LENGTH=1
VEHICLE:11	TRANSFER_REQUEST	IN_OUT	Boolean	T	DEVICE_TYPE=B,ADDRESS_NO=0600
VEHICLE:11	UNLOAD_COMPLETE	IN_OUT	Boolean	T	DEVICE_TYPE=B,ADDRESS_NO=0311
VEHICLE:11	UNLOAD_COMPLETE_ACK	IN_OUT	Boolean	T	DEVICE_TYPE=B,ADDRESS_NO=0602
VEHICLE:12	ALARM_RESET_CODE	IN_OUT	Short	T	DEVICE_TYPE=W,ADDRESS_NO=0172,LENGTH=1
VEHICLE:12	ALARM_RESET_REPORT	IN_OUT	Boolean	T	DEVICE_TYPE=B,ADDRESS_NO=0333
VEHICLE:12	ALARM_RESET_REPORT_ACK	IN_OUT	Boolean	T	DEVICE_TYPE=B,ADDRESS_NO=0614
VEHICLE:12	ALARM_SET_CODE	IN_OUT	Short	T	DEVICE_TYPE=W,ADDRESS_NO=0171,LENGTH=1
VEHICLE:12	ALARM_SET_REPORT	IN_OUT	Boolean	T	DEVICE_TYPE=B,ADDRESS_NO=0332
VEHICLE:12	ALARM_SET_REPORT_ACK	IN_OUT	Boolean	T	DEVICE_TYPE=B,ADDRESS_NO=0613
VEHICLE:12	FROM_01	IN_OUT	String	T	DEVICE_TYPE=W,ADDRESS_NO=0330,LENGTH=1
VEHICLE:12	FROM_02	IN_OUT	String	T	DEVICE_TYPE=W,ADDRESS_NO=0331,LENGTH=1
VEHICLE:12	FROM_03	IN_OUT	String	T	DEVICE_TYPE=W,ADDRESS_NO=0332,LENGTH=1
VEHICLE:12	LOAD_COMPLETE	IN_OUT	Boolean	T	DEVICE_TYPE=B,ADDRESS_NO=0330
VEHICLE:12	LOAD_COMPLETE_ACK	IN_OUT	Boolean	T	DEVICE_TYPE=B,ADDRESS_NO=0611
VEHICLE:12	OPERATION_MODE	IN_OUT	Short	T	DEVICE_TYPE=W,ADDRESS_NO=0179,LENGTH=1
VEHICLE:12	PALLET_EXIST_FLAG	IN_OUT	Boolean	T	DEVICE_TYPE=B,ADDRESS_NO=0320
VEHICLE:12	PALLET_ID	IN_OUT	String	T	DEVICE_TYPE=W,ADDRESS_NO=0336,LENGTH=2
VEHICLE:12	PALLET_ON_VEHICLE	IN_OUT	String	T	DEVICE_TYPE=R,ADDRESS_NO=0302,LENGTH=2
VEHICLE:12	SUBSYSTEM_LOCATION_01	IN_OUT	String	T	DEVICE_TYPE=W,ADDRESS_NO=0176,LENGTH=1
VEHICLE:12	SUBSYSTEM_LOCATION_02	IN_OUT	String	T	DEVICE_TYPE=W,ADDRESS_NO=0177,LENGTH=1
VEHICLE:12	SUBSYSTEM_LOCATION_03	IN_OUT	String	T	DEVICE_TYPE=W,ADDRESS_NO=0178,LENGTH=1
VEHICLE:12	SUBSYSTEM_STATUS	IN_OUT	Short	T	DEVICE_TYPE=W,ADDRESS_NO=0170,LENGTH=1
VEHICLE:12	TO_01	IN_OUT	String	T	DEVICE_TYPE=W,ADDRESS_NO=0333,LENGTH=1
VEHICLE:12	TO_02	IN_OUT	String	T	DEVICE_TYPE=W,ADDRESS_NO=0334,LENGTH=1
VEHICLE:12	TO_03	IN_OUT	String	T	DEVICE_TYPE=W,ADDRESS_NO=0335,LENGTH=1
VEHICLE:12	TRANSFER_ACK	IN_OUT	Boolean	T	DEVICE_TYPE=B,ADDRESS_NO=0334
VEHICLE:12	TRANSFER_COMPLETE_LOCATION_01	IN_OUT	String	T	DEVICE_TYPE=W,ADDRESS_NO=0173,LENGTH=1
VEHICLE:12	TRANSFER_COMPLETE_LOCATION_02	IN_OUT	String	T	DEVICE_TYPE=W,ADDRESS_NO=0174,LENGTH=1
VEHICLE:12	TRANSFER_COMPLETE_LOCATION_03	IN_OUT	String	T	DEVICE_TYPE=W,ADDRESS_NO=0175,LENGTH=1
VEHICLE:12	TRANSFER_REQUEST	IN_OUT	Boolean	T	DEVICE_TYPE=B,ADDRESS_NO=0610
VEHICLE:12	UNLOAD_COMPLETE	IN_OUT	Boolean	T	DEVICE_TYPE=B,ADDRESS_NO=0331
VEHICLE:12	UNLOAD_COMPLETE_ACK	IN_OUT	Boolean	T	DEVICE_TYPE=B,ADDRESS_NO=0612
VEHICLE:13	ALARM_RESET_CODE	IN_OUT	Short	T	DEVICE_TYPE=W,ADDRESS_NO=0182,LENGTH=1
VEHICLE:13	ALARM_RESET_REPORT	IN_OUT	Boolean	T	DEVICE_TYPE=B,ADDRESS_NO=0353
VEHICLE:13	ALARM_RESET_REPORT_ACK	IN_OUT	Boolean	T	DEVICE_TYPE=B,ADDRESS_NO=0624
VEHICLE:13	ALARM_SET_CODE	IN_OUT	Short	T	DEVICE_TYPE=W,ADDRESS_NO=0181,LENGTH=1
VEHICLE:13	ALARM_SET_REPORT	IN_OUT	Boolean	T	DEVICE_TYPE=B,ADDRESS_NO=0352
VEHICLE:13	ALARM_SET_REPORT_ACK	IN_OUT	Boolean	T	DEVICE_TYPE=B,ADDRESS_NO=0623
VEHICLE:13	FROM_01	IN_OUT	String	T	DEVICE_TYPE=W,ADDRESS_NO=0340,LENGTH=1
VEHICLE:13	FROM_02	IN_OUT	String	T	DEVICE_TYPE=W,ADDRESS_NO=0341,LENGTH=1
VEHICLE:13	FROM_03	IN_OUT	String	T	DEVICE_TYPE=W,ADDRESS_NO=0342,LENGTH=1
VEHICLE:13	LOAD_COMPLETE	IN_OUT	Boolean	T	DEVICE_TYPE=B,ADDRESS_NO=0350
VEHICLE:13	LOAD_COMPLETE_ACK	IN_OUT	Boolean	T	DEVICE_TYPE=B,ADDRESS_NO=0621
VEHICLE:13	OPERATION_MODE	IN_OUT	Short	T	DEVICE_TYPE=W,ADDRESS_NO=0189,LENGTH=1
VEHICLE:13	PALLET_EXIST_FLAG	IN_OUT	Boolean	T	DEVICE_TYPE=B,ADDRESS_NO=0340
VEHICLE:13	PALLET_ID	IN_OUT	String	T	DEVICE_TYPE=W,ADDRESS_NO=0346,LENGTH=2
VEHICLE:13	PALLET_ON_VEHICLE	IN_OUT	String	T	DEVICE_TYPE=R,ADDRESS_NO=0304,LENGTH=2
VEHICLE:13	SUBSYSTEM_LOCATION_01	IN_OUT	String	T	DEVICE_TYPE=W,ADDRESS_NO=0186,LENGTH=1
VEHICLE:13	SUBSYSTEM_LOCATION_02	IN_OUT	String	T	DEVICE_TYPE=W,ADDRESS_NO=0187,LENGTH=1
VEHICLE:13	SUBSYSTEM_LOCATION_03	IN_OUT	String	T	DEVICE_TYPE=W,ADDRESS_NO=0188,LENGTH=1
VEHICLE:13	SUBSYSTEM_STATUS	IN_OUT	Short	T	DEVICE_TYPE=W,ADDRESS_NO=0180,LENGTH=1
VEHICLE:13	TO_01	IN_OUT	String	T	DEVICE_TYPE=W,ADDRESS_NO=0343,LENGTH=1
VEHICLE:13	TO_02	IN_OUT	String	T	DEVICE_TYPE=W,ADDRESS_NO=0344,LENGTH=1
VEHICLE:13	TO_03	IN_OUT	String	T	DEVICE_TYPE=W,ADDRESS_NO=0345,LENGTH=1
VEHICLE:13	TRANSFER_ACK	IN_OUT	Boolean	T	DEVICE_TYPE=B,ADDRESS_NO=0354
VEHICLE:13	TRANSFER_COMPLETE_LOCATION_01	IN_OUT	String	T	DEVICE_TYPE=W,ADDRESS_NO=0183,LENGTH=1
VEHICLE:13	TRANSFER_COMPLETE_LOCATION_02	IN_OUT	String	T	DEVICE_TYPE=W,ADDRESS_NO=0184,LENGTH=1
VEHICLE:13	TRANSFER_COMPLETE_LOCATION_03	IN_OUT	String	T	DEVICE_TYPE=W,ADDRESS_NO=0185,LENGTH=1
VEHICLE:13	TRANSFER_REQUEST	IN_OUT	Boolean	T	DEVICE_TYPE=B,ADDRESS_NO=0620
VEHICLE:13	UNLOAD_COMPLETE	IN_OUT	Boolean	T	DEVICE_TYPE=B,ADDRESS_NO=0351
VEHICLE:13	UNLOAD_COMPLETE_ACK	IN_OUT	Boolean	T	DEVICE_TYPE=B,ADDRESS_NO=0622
VEHICLE:14	ALARM_RESET_CODE	IN_OUT	Short	T	DEVICE_TYPE=W,ADDRESS_NO=0192,LENGTH=1
VEHICLE:14	ALARM_RESET_REPORT	IN_OUT	Boolean	T	DEVICE_TYPE=B,ADDRESS_NO=0373
VEHICLE:14	ALARM_RESET_REPORT_ACK	IN_OUT	Boolean	T	DEVICE_TYPE=B,ADDRESS_NO=0634
VEHICLE:14	ALARM_SET_CODE	IN_OUT	Short	T	DEVICE_TYPE=W,ADDRESS_NO=0191,LENGTH=1
VEHICLE:14	ALARM_SET_REPORT	IN_OUT	Boolean	T	DEVICE_TYPE=B,ADDRESS_NO=0372
VEHICLE:14	ALARM_SET_REPORT_ACK	IN_OUT	Boolean	T	DEVICE_TYPE=B,ADDRESS_NO=0633
VEHICLE:14	FROM_01	IN_OUT	String	T	DEVICE_TYPE=W,ADDRESS_NO=0350,LENGTH=1
VEHICLE:14	FROM_02	IN_OUT	String	T	DEVICE_TYPE=W,ADDRESS_NO=0351,LENGTH=1
VEHICLE:14	FROM_03	IN_OUT	String	T	DEVICE_TYPE=W,ADDRESS_NO=0352,LENGTH=1
VEHICLE:14	LOAD_COMPLETE	IN_OUT	Boolean	T	DEVICE_TYPE=B,ADDRESS_NO=0370
VEHICLE:14	LOAD_COMPLETE_ACK	IN_OUT	Boolean	T	DEVICE_TYPE=B,ADDRESS_NO=0631
VEHICLE:14	OPERATION_MODE	IN_OUT	Short	T	DEVICE_TYPE=W,ADDRESS_NO=0199,LENGTH=1
VEHICLE:14	PALLET_EXIST_FLAG	IN_OUT	Boolean	T	DEVICE_TYPE=B,ADDRESS_NO=0360
VEHICLE:14	PALLET_ID	IN_OUT	String	T	DEVICE_TYPE=W,ADDRESS_NO=0356,LENGTH=2
VEHICLE:14	PALLET_ON_VEHICLE	IN_OUT	String	T	DEVICE_TYPE=R,ADDRESS_NO=0306,LENGTH=2
VEHICLE:14	SUBSYSTEM_LOCATION_01	IN_OUT	String	T	DEVICE_TYPE=W,ADDRESS_NO=0196,LENGTH=1
VEHICLE:14	SUBSYSTEM_LOCATION_02	IN_OUT	String	T	DEVICE_TYPE=W,ADDRESS_NO=0197,LENGTH=1
VEHICLE:14	SUBSYSTEM_LOCATION_03	IN_OUT	String	T	DEVICE_TYPE=W,ADDRESS_NO=0198,LENGTH=1
VEHICLE:14	SUBSYSTEM_STATUS	IN_OUT	Short	T	DEVICE_TYPE=W,ADDRESS_NO=0190,LENGTH=1
VEHICLE:14	TO_01	IN_OUT	String	T	DEVICE_TYPE=W,ADDRESS_NO=0353,LENGTH=1
VEHICLE:14	TO_02	IN_OUT	String	T	DEVICE_TYPE=W,ADDRESS_NO=0354,LENGTH=1
VEHICLE:14	TO_03	IN_OUT	String	T	DEVICE_TYPE=W,ADDRESS_NO=0355,LENGTH=1
VEHICLE:14	TRANSFER_ACK	IN_OUT	Boolean	T	DEVICE_TYPE=B,ADDRESS_NO=0374
VEHICLE:14	TRANSFER_COMPLETE_LOCATION_01	IN_OUT	String	T	DEVICE_TYPE=W,ADDRESS_NO=0193,LENGTH=1
VEHICLE:14	TRANSFER_COMPLETE_LOCATION_02	IN_OUT	String	T	DEVICE_TYPE=W,ADDRESS_NO=0194,LENGTH=1
VEHICLE:14	TRANSFER_COMPLETE_LOCATION_03	IN_OUT	String	T	DEVICE_TYPE=W,ADDRESS_NO=0195,LENGTH=1
VEHICLE:14	TRANSFER_REQUEST	IN_OUT	Boolean	T	DEVICE_TYPE=B,ADDRESS_NO=0630
VEHICLE:14	UNLOAD_COMPLETE	IN_OUT	Boolean	T	DEVICE_TYPE=B,ADDRESS_NO=0371
VEHICLE:14	UNLOAD_COMPLETE_ACK	IN_OUT	Boolean	T	DEVICE_TYPE=B,ADDRESS_NO=0632
VEHICLE:15	ALARM_RESET_CODE	IN_OUT	Short	T	DEVICE_TYPE=W,ADDRESS_NO=0202,LENGTH=1
VEHICLE:15	ALARM_RESET_REPORT	IN_OUT	Boolean	T	DEVICE_TYPE=B,ADDRESS_NO=0393
VEHICLE:15	ALARM_RESET_REPORT_ACK	IN_OUT	Boolean	T	DEVICE_TYPE=B,ADDRESS_NO=0644
VEHICLE:15	ALARM_SET_CODE	IN_OUT	Short	T	DEVICE_TYPE=W,ADDRESS_NO=0201,LENGTH=1
VEHICLE:15	ALARM_SET_REPORT	IN_OUT	Boolean	T	DEVICE_TYPE=B,ADDRESS_NO=0392
VEHICLE:15	ALARM_SET_REPORT_ACK	IN_OUT	Boolean	T	DEVICE_TYPE=B,ADDRESS_NO=0643
VEHICLE:15	FROM_01	IN_OUT	String	T	DEVICE_TYPE=W,ADDRESS_NO=0360,LENGTH=1
VEHICLE:15	FROM_02	IN_OUT	String	T	DEVICE_TYPE=W,ADDRESS_NO=0361,LENGTH=1
VEHICLE:15	FROM_03	IN_OUT	String	T	DEVICE_TYPE=W,ADDRESS_NO=0362,LENGTH=1
VEHICLE:15	LOAD_COMPLETE	IN_OUT	Boolean	T	DEVICE_TYPE=B,ADDRESS_NO=0390
VEHICLE:15	LOAD_COMPLETE_ACK	IN_OUT	Boolean	T	DEVICE_TYPE=B,ADDRESS_NO=0641
VEHICLE:15	OPERATION_MODE	IN_OUT	Short	T	DEVICE_TYPE=W,ADDRESS_NO=0209,LENGTH=1
VEHICLE:15	PALLET_EXIST_FLAG	IN_OUT	Boolean	T	DEVICE_TYPE=B,ADDRESS_NO=0380
VEHICLE:15	PALLET_ID	IN_OUT	String	T	DEVICE_TYPE=W,ADDRESS_NO=0366,LENGTH=2
VEHICLE:15	PALLET_ON_VEHICLE	IN_OUT	String	T	DEVICE_TYPE=R,ADDRESS_NO=0308,LENGTH=2
VEHICLE:15	SUBSYSTEM_LOCATION_01	IN_OUT	String	T	DEVICE_TYPE=W,ADDRESS_NO=0206,LENGTH=1
VEHICLE:15	SUBSYSTEM_LOCATION_02	IN_OUT	String	T	DEVICE_TYPE=W,ADDRESS_NO=0207,LENGTH=1
VEHICLE:15	SUBSYSTEM_LOCATION_03	IN_OUT	String	T	DEVICE_TYPE=W,ADDRESS_NO=0208,LENGTH=1
VEHICLE:15	SUBSYSTEM_STATUS	IN_OUT	Short	T	DEVICE_TYPE=W,ADDRESS_NO=0200,LENGTH=1
VEHICLE:15	TO_01	IN_OUT	String	T	DEVICE_TYPE=W,ADDRESS_NO=0363,LENGTH=1
VEHICLE:15	TO_02	IN_OUT	String	T	DEVICE_TYPE=W,ADDRESS_NO=0364,LENGTH=1
VEHICLE:15	TO_03	IN_OUT	String	T	DEVICE_TYPE=W,ADDRESS_NO=0365,LENGTH=1
VEHICLE:15	TRANSFER_ACK	IN_OUT	Boolean	T	DEVICE_TYPE=B,ADDRESS_NO=0394
VEHICLE:15	TRANSFER_COMPLETE_LOCATION_01	IN_OUT	String	T	DEVICE_TYPE=W,ADDRESS_NO=0203,LENGTH=1
VEHICLE:15	TRANSFER_COMPLETE_LOCATION_02	IN_OUT	String	T	DEVICE_TYPE=W,ADDRESS_NO=0204,LENGTH=1
VEHICLE:15	TRANSFER_COMPLETE_LOCATION_03	IN_OUT	String	T	DEVICE_TYPE=W,ADDRESS_NO=0205,LENGTH=1
VEHICLE:15	TRANSFER_REQUEST	IN_OUT	Boolean	T	DEVICE_TYPE=B,ADDRESS_NO=0640
VEHICLE:15	UNLOAD_COMPLETE	IN_OUT	Boolean	T	DEVICE_TYPE=B,ADDRESS_NO=0391
VEHICLE:15	UNLOAD_COMPLETE_ACK	IN_OUT	Boolean	T	DEVICE_TYPE=B,ADDRESS_NO=0642
